X,Y,TYPE,SPEED,DirType,Direction
-46.077937,-23.462843,7,0,1,200
-50.247757,-29.857127,7,0,1,15
-47.438951,-22.017976,7,0,1,343
-49.314652,-23.244761,7,0,1,135
-49.971823,-20.409248,7,0,1,298
-42.684147,-5.056820,7,0,1,78
-53.055412,-29.750538,7,30,1,90
-50.993512,-23.262082,7,30,1,85
-51.077820,-18.510857,7,30,1,48
-41.471741,-19.136069,7,30,1,157
-50.608105,-23.160102,7,30,1,200
-42.655716,-21.542344,7,30,1,218
-53.833206,-24.347917,7,30,1,358
-54.264215,-23.037834,7,30,1,303
-52.394669,-29.691703,7,30,1,275
-49.409558,-16.850831,7,30,2,50
-50.320284,-16.561702,7,30,0,123
-52.394667,-29.691756,7,30,1,95
-40.940015,-18.772762,7,30,0,91
-42.655590,-21.542639,7,30,1,60
-35.010694,-8.320626,7,30,1,315
-46.468101,-23.767047,7,30,1,232
-53.041509,-26.114863,7,30,1,121
-54.053517,-24.517948,7,30,0,159
-47.558413,-4.282878,7,30,1,172
-54.245350,-24.073810,7,30,1,129
-48.939714,-23.130102,7,30,1,10
-34.921487,-7.140916,7,30,1,312
-36.025933,-9.171893,7,30,1,225
-51.177126,-23.919852,7,30,1,324
-53.833259,-24.347920,7,30,1,179
-50.608065,-23.160190,7,30,1,20
-47.558155,-4.282878,7,30,1,352
-41.743802,-12.467262,7,30,0,152
-51.077866,-18.510843,7,30,1,228
-53.127155,-25.095569,7,30,0,152
-36.025900,-9.171919,7,30,1,45
-49.109156,-16.773264,7,30,1,138
-53.666914,-23.796737,7,30,1,60
-35.470026,-6.816676,7,30,0,35
-48.512189,-8.821003,7,30,0,180
-40.875766,-14.912298,7,30,0,31
-53.055427,-29.750426,7,30,1,270
-46.235863,-19.022519,7,30,0,144
-53.041238,-26.114737,7,30,1,333
-43.457908,-21.599577,7,30,0,11
-37.526349,-11.523211,7,30,1,44
-47.025328,-15.747898,7,30,1,150
-48.878308,-10.193684,7,30,0,151
-47.025222,-15.747843,7,30,1,330
-53.666924,-23.796708,7,30,1,240
-49.109005,-16.773147,7,30,1,318
-48.939757,-23.130101,7,30,1,190
-43.860560,-19.828239,7,30,1,6
-46.467933,-23.767258,7,30,1,52
-52.927270,-23.362320,7,30,2,113
-49.064891,-11.674121,7,30,1,18
-43.860726,-19.828225,7,30,1,186
-37.526373,-11.523191,7,30,1,224
-50.993532,-23.261944,7,30,1,264
-51.218697,-26.313312,7,30,0,29
-47.529710,-14.720519,7,30,0,51
-46.720657,-21.949173,7,30,2,42
-37.837651,-10.709831,7,30,0,135
-49.064942,-11.674098,7,30,1,197
-48.080282,-16.382145,7,30,0,68
-53.875911,-25.179115,7,30,0,147
-48.636685,-25.951964,7,30,1,84
-48.636739,-25.951736,7,30,1,264
-47.518097,-2.423786,7,30,0,147
-38.514664,-12.669209,7,30,1,135
-46.460341,-18.569068,7,30,1,1
-40.136516,-13.881042,7,30,0,28
-37.150286,-11.107433,7,30,2,31
-38.514613,-12.669137,7,30,1,315
-40.395248,-14.542871,7,30,0,43
-52.393689,-25.377023,7,30,0,60
-48.570471,-18.130051,7,30,1,288
-40.339357,-20.096767,7,30,1,151
-41.471645,-19.136064,7,30,1,338
-54.245220,-24.073671,7,30,1,309
-48.777524,-23.468467,7,30,0,120
-53.708185,-20.461096,7,30,0,105
-48.570507,-18.130156,7,30,1,108
-51.177313,-23.919949,7,30,1,143
-42.250894,-21.386944,7,30,0,131
-54.264293,-23.037955,7,30,1,123
-46.460438,-18.569064,7,30,1,181
-34.921613,-7.140916,7,30,1,132
-60.692331,-0.223711,7,30,0,176
-35.011022,-8.320817,7,30,1,134
-51.725460,-19.099945,7,30,2,207
-37.538748,-10.989381,7,30,1,109
-37.538710,-10.989273,7,30,1,284
-37.160678,-10.958927,7,30,2,48
-54.330222,-23.822508,7,30,1,14
-54.330369,-23.822459,7,30,1,194
-54.821844,-22.568493,7,30,1,146
-54.821731,-22.568411,7,30,1,326
-40.339319,-20.096741,7,30,1,331
-51.768143,-20.632338,7,40,0,3
-41.194785,-14.101248,7,40,0,11
-47.522878,-6.587818,7,40,1,41
-46.121303,-7.499908,7,40,0,110
-39.173559,-12.992358,7,40,0,92
-50.680341,-24.386434,7,40,1,248
-48.065577,-16.215239,7,40,0,140
-40.077846,-19.422305,7,40,1,229
-35.326441,-5.748439,7,40,1,291
-51.858607,-23.951580,7,40,1,3
-47.522956,-6.587770,7,40,1,221
-52.378017,-28.236169,7,40,1,285
-51.552325,-27.173879,7,40,1,305
-50.680327,-24.386496,7,40,1,68
-52.304849,-31.613022,7,40,1,43
-39.303721,-14.579646,7,40,0,122
-60.071975,-1.884642,7,40,0,154
-51.858707,-23.951565,7,40,1,183
-48.167151,-7.217011,7,40,1,153
-42.791288,-4.898061,7,40,2,9
-37.427261,-10.705672,7,40,0,152
-50.067688,-23.342804,7,40,0,174
-38.529282,-10.813920,7,40,0,16
-50.639835,-24.631538,7,40,1,311
-59.868853,-3.192047,7,40,0,2
-51.859077,-23.951536,7,40,0,3
-48.307023,-7.323741,7,40,1,30
-52.049319,-23.547906,7,40,1,38
-38.642782,-3.724596,7,40,0,18
-51.518222,-25.285165,7,40,0,169
-38.794672,-12.575521,7,40,2,119
-53.998114,-24.571102,7,40,1,300
-60.765847,2.739088,7,40,0,68
-41.306435,-20.255648,7,40,0,127
-48.306739,-7.323139,7,40,1,210
-52.049431,-23.547811,7,40,1,218
-38.855568,-6.461803,7,40,0,3
-53.697345,-29.701811,7,40,0,85
-39.747475,-18.567469,7,40,1,253
-43.625216,-22.662599,7,40,1,245
-44.136974,-22.526586,7,40,2,29
-44.349769,-2.754248,7,40,1,214
-51.815080,-20.815825,7,40,1,286
-37.069410,-6.927170,7,40,2,73
-48.804336,-1.971082,7,40,0,171
-49.878796,-28.813789,7,40,0,131
-39.747448,-18.567504,7,40,1,72
-43.625120,-22.662820,7,40,1,65
-60.036132,-2.597761,7,40,0,14
-39.010567,-12.288400,7,40,1,86
-51.815098,-20.815908,7,40,1,106
-50.029885,-16.412399,7,40,0,145
-50.631246,-23.225675,7,40,0,159
-40.674724,-19.436884,7,40,0,12
-44.031051,-22.960969,7,40,2,59
-40.613676,-20.658873,7,40,1,294
-35.808664,-9.704813,7,40,1,239
-49.091891,-26.862497,7,40,2,98
-44.980041,-23.387431,7,40,0,47
-48.449637,-1.282717,7,40,0,85
-53.079520,-25.399454,7,40,0,91
-51.733549,-23.507001,7,40,1,102
-60.291783,-12.753723,7,40,0,42
-41.502141,-16.581349,7,40,1,342
-35.808454,-9.705085,7,40,1,59
-48.901985,-26.919605,7,40,2,127
-55.200540,-23.232978,7,40,1,151
-53.372939,-24.983746,7,40,1,298
-52.496441,-23.204124,7,40,2,52
-51.733525,-23.506863,7,40,1,283
-38.237239,-9.401521,7,40,1,54
-43.151047,-19.850147,7,40,1,268
-51.113815,-27.387159,7,40,0,68
-49.034499,-27.686959,7,40,1,64
-55.200473,-23.232943,7,40,1,330
-54.212589,-24.097646,7,40,1,256
-55.846865,-29.806318,7,40,0,67
-45.195450,-5.480959,7,40,0,52
-38.237108,-9.401206,7,40,1,272
-41.078183,-20.924093,7,40,1,352
-40.854480,-4.117709,7,40,0,136
-55.877865,-20.634289,7,40,0,41
-53.777917,-29.678649,7,40,1,156
-40.390984,-9.199529,7,40,1,218
-55.695394,-29.777982,7,40,0,60
-42.459542,-21.877925,7,40,2,81
-52.863127,-26.386705,7,40,2,169
-48.331495,-1.414434,7,40,0,177
-37.280900,-5.302705,7,40,0,152
-50.413140,-22.638023,7,40,1,94
-55.550629,-22.708278,7,40,1,125
-40.390965,-9.199544,7,40,1,38
-51.559139,-26.680805,7,40,0,59
-51.552371,-27.173958,7,40,1,125
-40.078073,-7.878281,7,40,0,124
-48.246737,-1.307601,7,40,0,177
-52.350727,-23.104315,7,40,1,295
-47.622245,-15.528474,7,40,1,36
-55.550600,-22.708238,7,40,1,304
-37.793617,-6.763004,7,40,1,200
-48.283478,-7.200600,7,40,0,76
-47.535714,-15.581790,7,40,1,90
-49.248494,-15.909163,7,40,1,31
-47.166014,-1.225889,7,40,0,137
-54.385367,-15.801107,7,40,1,207
-47.622822,-15.528130,7,40,1,216
-51.870093,-29.705174,7,40,1,77
-44.186600,-22.552645,7,40,1,326
-48.272888,-1.364247,7,40,1,269
-47.535719,-15.581616,7,40,1,270
-49.248604,-15.909101,7,40,1,211
-47.584586,-1.338421,7,40,0,100
-38.388073,-12.681395,7,40,0,87
-47.623079,-15.528383,7,40,1,136
-48.740052,-18.611083,7,40,1,100
-56.453221,-30.391038,7,40,1,239
-55.499541,-21.725303,7,40,1,48
-49.075170,-5.544873,7,40,0,178
-49.306563,-15.774848,7,40,0,157
-48.185626,-2.397367,7,40,0,99
-38.063359,-12.627741,7,40,1,213
-47.621953,-15.528171,7,40,1,307
-40.821640,-14.969114,7,40,0,147
-40.077798,-19.422342,7,40,1,45
-55.499637,-21.725236,7,40,1,228
-54.385260,-15.801159,7,40,1,27
-53.518511,-26.637864,7,40,0,175
-47.857560,-0.743609,7,40,0,178
-38.063254,-12.627806,7,40,1,33
-35.594174,-9.514470,7,40,2,21
-51.241939,-19.681798,7,40,1,96
-41.989308,-21.731843,7,40,1,110
-43.717769,-16.653933,7,40,1,225
-40.894250,-8.757089,7,40,0,149
-56.026040,-15.436073,7,40,1,223
-47.925327,-1.270519,7,40,0,174
-52.305018,-31.612889,7,40,1,221
-53.538462,-25.720077,7,40,0,178
-51.241936,-19.681757,7,40,1,276
-41.989045,-21.731712,7,40,1,344
-43.717544,-16.654147,7,40,1,45
-54.378758,-15.577304,7,40,1,266
-38.376314,-3.955391,7,40,1,289
-53.754173,-23.378094,7,40,0,86
-45.270589,-19.689884,7,40,2,180
-51.936003,-27.191660,7,40,2,35
-47.204655,-24.282473,7,40,1,282
-45.744092,-22.673112,7,40,2,165
-43.579017,-18.200917,7,40,0,29
-47.396438,-15.349087,7,40,0,141
-40.319658,-7.042119,7,40,0,41
-38.679526,-13.038733,7,40,0,62
-38.955382,-12.400338,7,40,0,176
-49.725110,-25.470413,7,40,1,152
-47.204664,-24.282507,7,40,1,102
-41.294786,-21.810940,7,40,1,343
-40.512511,-4.183817,7,40,1,117
-57.432323,-19.505663,7,40,0,177
-51.627631,-24.042745,7,40,0,68
-39.022905,-14.311524,7,40,0,57
-49.156048,-14.469562,7,40,0,178
-52.389350,-26.734389,7,40,2,54
-57.079702,-15.942565,7,40,1,264
-41.295472,-21.810780,7,40,1,211
-40.511323,-4.184455,7,40,1,297
-63.057226,-9.881256,7,40,2,176
-41.420661,-21.835677,7,40,1,254
-52.318760,-31.892813,7,40,1,351
-40.149949,-19.944391,7,40,0,94
-42.644574,-4.985138,7,40,2,160
-51.444911,-29.669951,7,40,1,87
-41.295586,-21.810745,7,40,1,211
-40.512474,-4.184361,7,40,1,66
-62.532306,-10.395574,7,40,1,305
-37.731669,-4.575835,7,40,0,111
-52.319003,-31.892831,7,40,1,172
-37.515418,-9.193426,7,40,1,207
-41.780148,-3.098106,7,40,1,179
-43.710347,-22.634121,7,40,1,197
-41.295438,-21.811385,7,40,1,117
-50.410029,-27.427781,7,40,0,171
-62.532327,-10.395587,7,40,1,125
-38.965397,-12.202379,7,40,1,1
-36.915833,-10.387803,7,40,2,9
-37.514248,-9.193574,7,40,1,30
-49.301145,-25.251367,7,40,1,188
-46.302516,-23.569624,7,40,1,12
-37.764969,-11.481771,7,40,1,60
-50.054446,-23.384835,7,40,2,90
-51.127516,-17.503184,7,40,1,150
-38.965496,-12.202379,7,40,1,181
-36.568763,-9.985772,7,40,0,1
-52.883990,-22.606655,7,40,0,46
-49.649308,-27.292541,7,40,2,162
-48.164904,-5.714530,7,40,1,107
-53.060364,-32.235437,7,40,1,221
-38.642922,-3.723790,7,40,0,20
-52.623349,-18.668747,7,40,1,176
-39.444067,-15.460221,7,40,0,29
-48.571966,-26.218315,7,40,2,49
-35.165794,-5.945115,7,40,1,288
-49.422685,-25.609940,7,40,1,7
-49.330820,-28.611594,7,40,0,27
-49.177785,-17.626135,7,40,1,346
-48.199089,-15.795022,7,40,1,106
-52.623317,-18.668746,7,40,1,356
-39.292371,-14.770605,7,40,1,309
-49.903580,-22.978367,7,40,1,185
-49.225047,-15.519306,7,40,1,209
-43.849343,-16.812073,7,40,0,15
-42.804407,-21.325512,7,40,1,298
-53.388009,-27.501104,7,40,0,156
-48.198702,-15.794813,7,40,1,286
-62.013926,-10.826947,7,40,1,341
-39.134848,-8.067348,7,40,1,344
-52.967896,-24.554826,7,40,1,268
-49.224973,-15.519373,7,40,1,29
-43.880378,-16.678976,7,40,1,300
-42.142300,-20.250242,7,40,1,163
-41.940709,-18.917388,7,40,1,353
-50.371678,-25.835208,7,40,0,58
-62.013980,-10.826957,7,40,1,161
-39.135092,-8.067425,7,40,1,165
-35.830634,-7.253952,7,40,1,285
-49.488496,-17.930323,7,40,0,90
-49.786124,-29.396682,7,40,0,25
-42.142230,-20.250242,7,40,1,343
-38.594441,-5.866814,7,40,1,235
-48.382233,-18.897624,7,40,1,278
-52.322083,-23.882859,7,40,1,202
-37.273381,-8.359750,7,40,0,304
-50.208785,-29.980012,7,40,1,102
-53.311308,-22.268336,7,40,1,103
-50.046698,-29.785464,7,40,2,15
-42.288278,-20.747192,7,40,1,47
-37.234841,-10.958104,7,40,1,268
-38.650848,-3.855053,7,40,1,223
-41.981667,-22.561825,7,40,1,198
-37.273547,-8.360008,7,40,0,124
-51.046228,-21.688549,7,40,1,308
-53.477818,-30.493651,7,40,1,348
-44.611042,-19.891865,7,40,1,337
-42.288335,-20.747133,7,40,1,227
-42.758402,-5.199471,7,40,1,343
-38.650762,-3.855138,7,40,1,43
-52.290103,-27.679255,7,40,1,355
-36.463014,-8.869563,7,40,1,56
-50.537022,-21.927873,7,40,1,140
-53.478089,-30.492711,7,40,1,168
-49.026949,-28.362266,7,40,0,178
-41.049265,-19.499073,7,40,1,275
-41.502237,-16.581329,7,40,1,162
-39.491401,-13.765525,7,40,0,25
-38.388564,-12.694506,7,40,1,36
-36.463049,-8.869505,7,40,1,230
-43.873681,-19.875612,7,40,1,106
-35.297336,-6.048775,7,40,0,39
-48.250468,-18.611537,7,40,1,318
-41.049266,-19.499143,7,40,1,95
-52.021433,-31.321529,7,40,1,111
-41.769034,-21.258656,7,40,1,56
-45.173769,-22.873285,7,40,0,158
-45.056784,-12.118508,7,40,1,97
-40.198885,-20.188916,7,40,1,53
-48.905167,-15.070509,7,40,0,9
-40.965795,-20.980551,7,40,0,97
-50.060506,-25.213332,7,40,1,140
-51.046271,-21.688599,7,40,1,128
-41.769069,-21.258598,7,40,1,236
-41.420637,-21.835736,7,40,1,74
-40.174479,-10.384997,7,40,0,17
-35.156603,-8.920066,7,40,1,38
-48.314097,-10.432234,7,40,0,3
-42.655949,-20.214096,7,40,2,129
-52.126216,-27.196981,7,40,0,89
-40.306337,-15.244110,7,40,1,264
-49.252419,-16.921822,7,40,1,352
-42.172382,-22.475674,7,40,1,95
-43.196438,-12.170660,7,40,0,61
-51.327503,-30.036388,7,40,1,203
-43.528941,-22.512225,7,40,0,76
-49.923749,-22.267910,7,40,1,175
-49.327831,-24.096839,7,40,1,269
-39.896365,-14.960756,7,40,1,225
-35.226069,-7.191858,7,40,1,95
-42.678904,-22.715075,7,40,1,247
-36.180885,-6.211583,7,40,1,304
-52.021420,-31.321524,7,40,1,296
-38.878027,-12.375668,7,40,2,32
-34.832182,-7.880497,7,40,1,191
-44.771021,-20.076393,7,40,1,80
-53.112581,-23.768669,7,40,0,125
-51.035585,-29.653071,7,40,1,118
-50.370853,-26.825708,7,40,1,71
-35.833088,-6.991474,7,40,0,41
-43.838089,-19.827524,7,40,0,61
-41.078237,-20.924101,7,40,1,172
-37.332946,-5.078676,7,40,1,191
-43.861919,-20.191574,7,40,1,243
-50.639961,-24.631653,7,40,1,131
-51.899772,-26.571823,7,40,0,139
-50.060326,-25.213219,7,40,1,321
-51.050800,-30.079394,7,40,1,36
-51.778810,-24.762460,7,40,1,349
-41.343247,-21.447544,7,40,1,185
-36.231523,-5.706025,7,40,0,93
-43.334404,-21.663116,7,40,1,15
-53.925337,-28.416076,7,40,0,120
-52.619858,-26.312469,7,40,1,78
-46.949827,-20.895098,7,40,1,64
-36.122649,-8.329843,7,40,1,67
-50.474737,-26.233375,7,40,2,84
-35.252292,-6.018460,7,40,1,348
-37.793579,-6.763006,7,40,1,20
-44.241791,-22.989693,7,40,1,251
-52.270274,-32.059217,7,40,1,333
-40.243148,-6.005563,7,40,1,79
-46.949843,-20.895060,7,40,1,244
-54.943226,-22.183855,7,40,1,302
-35.675596,-9.595630,7,40,1,35
-35.252626,-6.018516,7,40,1,165
-35.138568,-6.821188,7,40,1,353
-48.960767,-19.920476,7,40,1,339
-40.267552,-14.668822,7,40,1,118
-40.834735,-3.129826,7,40,1,45
-51.121998,-29.385390,7,40,1,51
-64.091810,-9.096550,7,40,0,43
-39.896333,-14.960781,7,40,1,45
-48.988089,-26.475413,7,40,2,90
-50.595712,-18.977217,7,40,1,300
-46.823526,-17.241314,7,40,1,96
-53.985458,-31.325270,7,40,1,302
-40.834859,-3.129756,7,40,1,203
-43.157343,-22.121217,7,40,1,161
-54.269881,-28.349807,7,40,0,170
-40.306337,-15.244139,7,40,1,84
-56.063352,-21.423341,7,40,0,56
-53.488712,-17.025258,7,40,1,158
-46.818713,-17.123171,7,40,1,199
-44.241724,-22.989812,7,40,1,71
-40.420615,-20.203695,7,40,1,132
-48.510860,-27.696541,7,40,2,10
-54.841792,-29.220080,7,40,1,160
-44.005317,-22.475705,7,40,0,82
-48.198202,-15.613558,7,40,1,186
-53.488645,-17.025250,7,40,1,334
-39.873442,-18.648857,7,40,1,344
-52.759914,-27.309085,7,40,1,62
-40.420565,-20.203645,7,40,1,299
-52.926293,-23.363178,7,40,1,39
-54.890769,-29.212215,7,40,0,28
-52.434383,-24.118231,7,40,1,356
-42.710657,-18.523612,7,40,1,102
-54.706222,-16.416919,7,40,1,318
-49.652766,-16.599490,7,40,1,286
-50.370893,-26.825687,7,40,1,251
-42.696936,-22.516820,7,40,0,35
-36.654537,-9.428341,7,40,1,302
-55.963851,-28.671843,7,40,1,53
-52.350775,-23.104418,7,40,1,115
-35.830738,-7.254254,7,40,1,105
-54.706563,-16.417084,7,40,1,138
-49.652814,-16.599634,7,40,1,106
-52.857233,-28.640405,7,40,1,278
-48.859698,-23.973509,7,40,1,115
-36.654569,-9.428364,7,40,1,122
-68.429848,-10.725382,7,40,1,198
-51.410110,-23.599284,7,40,1,336
-35.675639,-9.595587,7,40,1,214
-49.202457,-26.178408,7,40,0,135
-49.386646,-16.655240,7,40,1,282
-53.568366,-22.383864,7,40,1,63
-41.519867,-17.872026,7,40,0,38
-56.230586,-14.532169,7,40,1,194
-52.313429,-21.726167,7,40,1,268
-50.283655,-25.043547,7,40,1,225
-45.456447,-23.818590,7,40,1,295
-50.283612,-25.043590,7,40,1,45
-51.791886,-16.438055,7,40,1,257
-39.726105,-17.558966,7,40,0,28
-49.029262,-25.555446,7,40,1,117
-56.230274,-14.532228,7,40,1,23
-51.122059,-29.385324,7,40,1,231
-53.997974,-24.570835,7,40,1,284
-44.494215,-20.018362,7,40,1,240
-51.261266,-25.371285,7,40,1,261
-51.791868,-16.438111,7,40,1,77
-46.043638,-19.676354,7,40,1,356
-48.632944,-25.564163,7,40,1,104
-55.811068,-12.697741,7,40,1,223
-57.062056,-29.759694,7,40,1,291
-37.123141,-10.905240,7,40,1,286
-49.244268,-16.590120,7,40,1,181
-42.167689,-21.146153,7,40,1,107
-54.886393,-20.898159,7,40,2,86
-39.175261,-16.404393,7,40,1,306
-43.873601,-19.875397,7,40,1,305
-35.498971,-8.186420,7,40,1,66
-67.713792,-10.013102,7,40,1,91
-54.212562,-24.097669,7,40,1,76
-51.689866,-17.923341,7,40,1,330
-42.167675,-21.146110,7,40,1,287
-49.317551,-25.741280,7,40,1,179
-43.711912,-22.835657,7,40,2,49
-38.503470,-4.421367,7,40,1,16
-49.903454,-22.978390,7,40,1,1
-67.696220,-10.211323,7,40,1,349
-50.681819,-25.443960,7,40,1,114
-67.696263,-10.211296,7,40,1,169
-49.063151,-17.729117,7,40,1,75
-59.322591,-15.196172,7,40,1,353
-39.455240,-7.213719,7,40,1,245
-39.381646,-3.673012,7,40,2,106
-53.770748,-25.706973,7,40,2,151
-67.798755,-10.011465,7,40,1,141
-53.373209,-24.983712,7,40,1,118
-43.032916,-19.072988,7,40,1,12
-49.063335,-17.728690,7,40,1,254
-59.322673,-15.196172,7,40,1,173
-39.713054,-5.097809,7,40,1,207
-40.082167,-3.994169,7,40,2,170
-52.302582,-15.815866,7,40,0,20
-54.526388,-21.778835,7,40,1,188
-51.261262,-25.371390,7,40,1,82
-35.156568,-8.919931,7,40,1,218
-55.332709,-15.818617,7,40,1,99
-60.074477,-12.832978,7,40,1,343
-37.332919,-5.078671,7,40,1,11
-40.082006,-3.994218,7,40,2,35
-55.873567,-15.701198,7,40,1,91
-54.713024,-22.210834,7,40,1,51
-54.448644,-25.464942,7,40,1,66
-40.593755,-11.138802,7,40,1,300
-55.332633,-15.818211,7,40,1,280
-60.074518,-12.832988,7,40,1,163
-45.176875,-18.249125,7,40,1,263
-40.082022,-3.994065,7,40,1,296
-55.873559,-15.701087,7,40,1,271
-54.553698,-20.685116,7,40,1,343
-48.632917,-25.564077,7,40,1,285
-39.986483,-11.388524,7,40,1,110
-46.077890,-23.462855,7,40,1,19
-42.954059,-21.109869,7,40,2,37
-47.524349,-1.951459,7,40,1,181
-48.263968,-17.327808,7,40,2,152
-52.160859,-14.086952,7,40,1,30
-51.327304,-30.036451,7,40,1,23
-51.870112,-29.705140,7,40,1,259
-39.986247,-11.388608,7,40,1,290
-34.837887,-7.222478,7,40,1,202
-48.960812,-19.920490,7,40,1,159
-44.611063,-19.891888,7,40,1,157
-49.615711,-22.239013,7,40,1,77
-52.160893,-14.086928,7,40,1,210
-51.732898,-30.833049,7,40,1,59
-52.349930,-30.183954,7,40,2,67
-47.972989,-18.222395,7,40,1,230
-34.837825,-7.222482,7,40,1,21
-46.924156,-19.656353,7,40,1,159
-38.372427,-12.100925,7,40,1,232
-47.430547,-23.735586,7,40,1,157
-54.760061,-17.090820,7,40,1,184
-46.924113,-19.656360,7,40,1,339
-54.326043,-30.355797,7,40,0,111
-63.761720,-8.800116,7,40,1,271
-47.880016,-20.650358,7,40,1,1
-46.878589,-19.553135,7,40,1,67
-43.880431,-16.679053,7,40,1,120
-42.710647,-18.523575,7,40,1,282
-54.760028,-17.090820,7,40,1,4
-50.787233,-22.903108,7,40,1,276
-55.480087,-30.849042,7,40,2,75
-63.761795,-8.800599,7,40,1,89
-50.681770,-25.443897,7,40,1,291
-45.230723,-19.786976,7,40,1,122
-49.301096,-25.251375,7,40,1,8
-43.806595,-21.195493,7,40,1,79
-61.242963,-11.595262,7,40,1,298
-52.307168,-28.162187,7,40,1,219
-39.847784,-12.856225,7,40,0,35
-66.876981,-9.823987,7,40,1,50
-50.320794,-13.965579,7,40,1,6
-40.306834,-3.696930,7,40,1,36
-40.975829,-3.692246,7,40,0,162
-42.131891,-19.764054,7,40,1,346
-61.242973,-11.595271,7,40,1,118
-38.413361,-3.896602,7,40,1,267
-42.941117,-22.351709,7,40,0,39
-66.876790,-9.823795,7,40,1,230
-50.320912,-13.965569,7,40,1,186
-49.238848,-18.291179,7,40,1,158
-35.971920,-8.210661,7,40,1,200
-49.982394,-27.144111,7,40,1,156
-48.944584,-15.920166,7,40,1,3
-38.255575,-7.988557,7,40,1,281
-42.553167,-22.377826,7,40,0,81
-48.167683,-15.928709,7,40,1,195
-48.870655,-16.320153,7,40,1,248
-50.962108,-17.825231,7,40,1,85
-36.122684,-8.329391,7,40,1,247
-49.982332,-27.144082,7,40,1,336
-48.944672,-15.920163,7,40,1,183
-39.453797,-4.309481,7,40,1,117
-38.388652,-12.694451,7,40,1,216
-43.151048,-19.850207,7,40,1,88
-41.780112,-3.098104,7,40,1,359
-56.025957,-15.436156,7,40,1,43
-41.776955,-6.371760,7,40,1,128
-43.334501,-21.663101,7,40,1,195
-50.962139,-17.824893,7,40,1,264
-39.073559,-3.527607,7,40,0,27
-43.091235,-22.659373,7,40,1,45
-42.172384,-22.475517,7,40,1,271
-34.832077,-7.880762,7,40,1,59
-53.533674,-26.979605,7,40,0,30
-41.777770,-4.315127,7,40,1,223
-48.310381,-23.959567,7,40,1,32
-51.689906,-17.923370,7,40,1,150
-47.669916,-21.026297,7,40,1,202
-39.010579,-12.288290,7,40,1,266
-39.797199,-3.744226,7,40,1,111
-52.465279,-28.827976,7,40,2,118
-47.268925,-23.514729,7,40,1,96
-41.587650,-7.013963,7,40,1,118
-54.448719,-25.464821,7,40,1,246
-39.332739,-6.311108,7,40,1,145
-37.997768,-4.915837,7,40,1,304
-53.060345,-32.235456,7,40,1,41
-40.332258,-3.718894,7,40,1,137
-53.340888,-33.525824,7,40,2,36
-47.268930,-23.514644,7,40,1,277
-50.611591,-15.104050,7,40,1,138
-35.181926,-5.811556,7,40,1,3
-38.594425,-5.866837,7,40,1,55
-48.367286,-1.365910,7,40,1,263
-41.325222,-15.685247,7,40,0,30
-39.086737,-3.671057,7,40,1,88
-52.354175,-28.290847,7,40,1,285
-44.202069,-22.838577,7,40,0,54
-68.429645,-10.725418,7,40,1,18
-35.165987,-5.945335,7,40,1,146
-37.998128,-4.915931,7,40,1,147
-47.524247,-1.951400,7,40,1,1
-49.317414,-25.741288,7,40,1,359
-38.476086,-4.338095,7,40,0,139
-49.442985,-28.379440,7,40,0,138
-42.381114,-21.146442,7,40,1,222
-49.445076,-18.921080,7,40,2,157
-49.357801,-16.619201,7,40,1,324
-39.712957,-5.097804,7,40,1,27
-50.208736,-29.979836,7,40,1,282
-49.238399,-18.291014,7,40,1,343
-38.834810,-4.374950,7,40,0,135
-50.149328,-27.891137,7,40,0,105
-42.049457,-22.948004,7,40,1,162
-50.595777,-18.977272,7,40,1,120
-50.003182,-16.005004,7,40,1,94
-39.455218,-7.213742,7,40,1,65
-50.177868,-27.769602,7,40,0,80
-49.178210,-17.626236,7,40,1,166
-37.793538,-4.563475,7,40,1,160
-55.385112,-22.454149,7,40,0,44
-42.049219,-22.947924,7,40,1,337
-35.138614,-6.821198,7,40,1,173
-50.003168,-16.004594,7,40,1,286
-39.044275,-7.292939,7,40,1,103
-46.818676,-17.123182,7,40,1,19
-50.056750,-23.284499,7,40,1,208
-45.956796,-22.244537,7,40,1,54
-54.553319,-19.416531,7,40,1,316
-48.272908,-1.364472,7,40,1,89
-40.243162,-6.005542,7,40,1,259
-50.611562,-15.104031,7,40,1,318
-49.503315,-16.790978,7,40,1,233
-38.195318,-12.775342,7,40,1,35
-53.777866,-29.678656,7,40,1,336
-45.956846,-22.244430,7,40,1,234
-53.115099,-22.929864,7,40,1,83
-55.203276,-10.923355,7,40,1,24
-53.612510,-25.054343,7,40,2,105
-46.530704,-18.666296,7,40,0,59
-43.600658,-22.866956,7,40,1,144
-45.176870,-18.249162,7,40,1,83
-53.601724,-25.183138,7,40,2,171
-41.406051,-17.833331,7,40,1,83
-51.376283,-22.670846,7,40,1,139
-55.203269,-10.923252,7,40,1,204
-43.806608,-21.195474,7,40,1,259
-48.715189,-16.645782,7,40,1,280
-51.207035,-19.644522,7,40,0,165
-46.878611,-19.553102,7,40,1,253
-41.860819,-22.420962,7,40,2,10
-52.858160,-20.445905,7,40,1,270
-51.965254,-22.828682,7,40,1,72
-53.664358,-23.989336,7,40,0,52
-35.226072,-7.191817,7,40,1,275
-48.715207,-16.645877,7,40,1,101
-51.931865,-22.138208,7,40,1,11
-41.795374,-18.851884,7,40,1,224
-37.765012,-11.481729,7,40,1,240
-52.858162,-20.445958,7,40,1,90
-53.998170,-24.571211,7,40,1,109
-41.633113,-14.227157,7,40,0,135
-47.430464,-23.735568,7,40,1,337
-48.469745,-10.192742,7,40,1,90
-41.406057,-17.833296,7,40,1,263
-41.795428,-18.852277,7,40,1,39
-38.372397,-12.100960,7,40,1,52
-51.126245,0.107291,7,40,1,356
-53.046477,-24.184667,7,40,1,343
-59.799507,-13.634747,7,40,0,167
-42.427086,-22.128643,7,40,1,229
-48.469742,-10.192696,7,40,1,270
-45.230691,-19.786946,7,40,1,302
-44.917442,-20.160498,7,40,1,248
-43.157225,-22.121172,7,40,1,341
-51.126272,0.107310,7,40,1,176
-52.434498,-24.118225,7,40,1,176
-63.077547,-7.551313,7,40,1,2
-35.181995,-5.811561,7,40,1,183
-49.422722,-25.609855,7,40,1,193
-39.583542,-16.394010,7,40,0,128
-39.873504,-18.648875,7,40,1,164
-48.167412,-15.928874,7,40,1,15
-49.948182,-24.593654,7,40,1,201
-51.410249,-23.599313,7,40,1,157
-63.078134,-7.550421,7,40,2,54
-39.453781,-4.309443,7,40,1,297
-49.160713,-16.575749,7,40,1,51
-39.175337,-16.404471,7,40,1,126
-47.060322,-21.773285,7,40,1,270
-48.870529,-16.320603,7,40,1,69
-49.844258,-24.118858,7,40,1,299
-51.843090,-23.194404,7,40,1,207
-37.158282,-6.444319,7,40,2,105
-38.255583,-7.988593,7,40,1,101
-41.989282,-21.731561,7,40,1,242
-46.043689,-19.676342,7,40,1,176
-37.123191,-10.905358,7,40,1,106
-50.787305,-22.903210,7,40,1,96
-49.832264,-23.672297,7,40,1,106
-51.595795,-20.777450,7,40,0,107
-35.326509,-5.748583,7,40,1,111
-52.313455,-21.726261,7,40,1,88
-42.427051,-22.128689,7,40,1,49
-47.973062,-18.222508,7,40,1,50
-41.343206,-21.447553,7,40,1,5
-46.302560,-23.569580,7,40,1,192
-51.464425,-23.147930,7,40,1,182
-51.931903,-22.138205,7,40,1,191
-38.917466,-7.304766,7,40,2,72
-55.963867,-28.671822,7,40,1,233
-51.377994,-23.346566,7,40,1,221
-48.683909,-17.716266,7,40,1,261
-53.794814,-27.871436,7,40,2,128
-51.965272,-22.828643,7,40,1,252
-50.056705,-23.284523,7,40,1,28
-51.778869,-24.762462,7,40,1,168
-41.587629,-7.013944,7,40,1,298
-54.841719,-29.220074,7,40,1,340
-40.198943,-20.188841,7,40,1,232
-48.801190,-21.546085,7,40,2,78
-41.777746,-4.315142,7,40,1,43
-53.534516,-24.407802,7,40,1,161
-40.613720,-20.658952,7,40,1,114
-52.967893,-24.554879,7,40,1,87
-41.776923,-6.371743,7,40,1,308
-54.943239,-22.183881,7,40,1,122
-45.358176,-3.675056,7,40,0,121
-44.935272,-22.244962,7,40,0,180
-54.715606,-18.467932,7,40,1,206
-52.926379,-23.363100,7,40,1,219
-54.715517,-18.467962,7,40,1,26
-53.534382,-24.407763,7,40,1,330
-43.428187,-4.860250,7,40,1,295
-67.713797,-10.013067,7,40,1,271
-44.818743,-4.230497,7,40,1,264
-53.568380,-22.383766,7,40,1,263
-43.953954,-3.528911,7,40,1,306
-54.333141,-24.873824,7,40,0,150
-44.387930,-3.256565,7,40,1,221
-53.301390,-21.734396,7,40,1,300
-44.387817,-3.256616,7,40,1,44
-39.292414,-14.770645,7,40,1,129
-44.300037,-2.687952,7,40,1,226
-53.311290,-22.268211,7,40,1,283
-44.299643,-2.688198,7,40,1,36
-48.574257,-25.691840,7,40,1,170
-47.472379,-5.455288,7,40,1,5
-43.600583,-22.866909,7,40,1,328
-47.472562,-5.455259,7,40,1,184
-45.056776,-12.118472,7,40,1,277
-47.439760,-4.925978,7,40,0,60
-38.376455,-3.955694,7,40,1,110
-47.375331,-6.349383,7,40,0,13
-51.377889,-23.346660,7,40,1,41
-41.426846,-3.519300,7,40,1,297
-43.287602,-22.143549,7,40,1,84
-42.983946,-6.793073,7,40,1,124
-36.180918,-6.211582,7,40,1,124
-40.951420,-3.818221,7,40,1,329
-52.857244,-28.640449,7,40,1,98
-40.951492,-3.818251,7,40,1,149
-51.843016,-23.194425,7,40,1,31
-38.592244,-3.866319,7,40,1,17
-42.678834,-22.715216,7,40,1,66
-38.592354,-3.866288,7,40,1,197
-40.871477,-7.230589,7,40,0,140
-38.617042,-6.885886,7,40,1,100
-49.312363,-28.697927,7,40,2,128
-38.617042,-6.885833,7,40,1,280
-50.805674,-22.903316,7,40,1,43
-42.677333,-22.899184,7,40,0,53
-42.983930,-6.793024,7,40,1,304
-52.619895,-26.312287,7,40,1,258
-52.577128,-23.665689,7,40,2,56
-42.536673,-22.788900,7,40,1,258
-41.426878,-3.519310,7,40,1,117
-40.332190,-3.718830,7,40,1,318
-48.495365,-25.683946,7,40,1,307
-43.091327,-22.659286,7,40,1,222
-43.953986,-3.528955,7,40,1,126
-39.797189,-3.744197,7,40,1,291
-53.115109,-22.929817,7,40,1,263
-49.503237,-16.791088,7,40,1,53
-44.818749,-4.230536,7,40,1,84
-39.086737,-3.671028,7,40,1,268
-37.907908,-12.359544,7,40,0,8
-51.814214,-29.440811,7,40,2,61
-44.346317,-4.367127,7,40,0,122
-49.077388,-26.763024,7,40,0,34
-38.195420,-12.775263,7,40,1,215
-48.683885,-17.716337,7,40,1,81
-43.428208,-4.860283,7,40,1,115
-46.784482,-24.176833,7,40,1,241
-42.697211,-22.516601,7,40,0,55
-48.250625,-18.611628,7,40,1,137
-39.044250,-7.292910,7,40,1,283
-47.880233,-20.650364,7,40,1,179
-42.536654,-22.788981,7,40,1,77
-48.181439,-18.693520,7,40,1,35
-51.127435,-17.503174,7,40,1,330
-49.968918,-22.227939,7,40,1,18
-44.186646,-22.552671,7,40,1,163
-51.509195,-28.220522,7,40,0,167
-35.499064,-8.185982,7,40,1,246
-47.669849,-21.026479,7,40,1,22
-41.981621,-22.561839,7,40,1,18
-48.019002,-19.804298,7,40,1,68
-55.810985,-12.697785,7,40,1,42
-48.019035,-19.804258,7,40,1,247
-41.747592,-21.232017,7,40,0,34
-51.382610,-29.818059,7,40,1,281
-48.167113,-7.217007,7,40,1,333
-39.332676,-6.311147,7,40,1,325
-50.770343,-29.623394,7,40,0,46
-50.375262,-25.894254,7,40,1,76
-42.804440,-21.325531,7,40,1,118
-44.771032,-20.076363,7,40,1,260
-51.732915,-30.833036,7,40,1,239
-49.969051,-22.227923,7,40,1,196
-48.164775,-5.714482,7,40,1,287
-52.462992,-26.901548,7,40,0,173
-53.985496,-31.325299,7,40,1,122
-49.923715,-22.267895,7,40,1,356
-39.035700,-5.001958,7,40,1,215
-41.940773,-18.917392,7,40,1,173
-52.270867,-32.059450,7,40,1,153
-51.257064,-29.665862,7,40,1,317
-42.952983,-22.012929,7,40,1,229
-48.739988,-18.610873,7,40,1,280
-52.160137,-32.092270,7,40,1,202
-51.257617,-29.666449,7,40,1,97
-46.057992,-23.795007,7,40,1,181
-48.382853,-18.898046,7,40,1,98
-51.875294,-29.265430,7,40,2,54
-50.536941,-21.927818,7,40,1,318
-57.079681,-15.942689,7,40,1,84
-39.517835,-5.528237,7,40,1,89
-52.011393,-29.431946,7,40,0,120
-39.517757,-5.528205,7,40,1,269
-50.654953,-26.920667,7,40,0,64
-54.303625,-21.485100,7,40,0,96
-51.382605,-29.818169,7,40,1,102
-53.301485,-21.734524,7,40,1,120
-53.214309,-26.766557,7,40,0,128
-56.743652,-20.092986,7,40,0,137
-52.290169,-27.679257,7,40,1,175
-54.553448,-19.416542,7,40,1,138
-54.713108,-22.210749,7,40,1,231
-54.424822,-20.067953,7,40,0,23
-52.223171,-27.574549,7,40,0,23
-48.367259,-1.366138,7,40,1,81
-54.526292,-21.778844,7,40,1,8
-52.759919,-27.309077,7,40,1,242
-54.553826,-20.685149,7,40,1,163
-52.680531,-26.206880,7,40,2,4
-47.798988,-15.807529,7,40,1,42
-53.298384,-27.886352,7,40,2,118
-47.799239,-15.807354,7,40,1,222
-52.907581,-27.968074,7,40,2,161
-49.548435,-26.261760,7,40,2,26
-52.378045,-28.236287,7,40,1,105
-49.160901,-16.575511,7,40,1,233
-52.354197,-28.290915,7,40,1,105
-42.381059,-21.146477,7,40,1,40
-51.972444,-28.568993,7,40,0,100
-44.494196,-20.018385,7,40,1,60
-53.636231,-28.614384,7,40,0,135
-56.336186,-15.142431,7,40,1,338
-53.589056,-28.657419,7,40,2,45
-56.336294,-15.142458,7,40,1,158
-51.550687,-28.892744,7,40,2,33
-49.581184,-27.172050,7,40,0,72
-49.243920,-16.590198,7,40,1,359
-48.228283,-17.725704,7,40,1,274
-49.252859,-16.921858,7,40,1,172
-48.228286,-17.725760,7,40,1,94
-50.375278,-25.894213,7,40,1,256
-47.959658,-18.129334,7,40,1,150
-44.546121,-23.030815,7,40,2,63
-47.959549,-18.129299,7,40,1,332
-49.615757,-22.238893,7,40,1,257
-48.458332,-19.010367,7,40,1,239
-51.035024,-29.653129,7,40,1,30
-48.458222,-19.010512,7,40,1,58
-51.050904,-30.079320,7,40,1,216
-50.805699,-22.903300,7,40,1,223
-50.911085,-28.492646,7,40,2,44
-47.891804,-24.696959,7,40,0,152
-51.257161,-29.665894,7,40,1,137
-48.574149,-25.691864,7,40,1,350
-49.034536,-27.686893,7,40,1,244
-48.495416,-25.684000,7,40,1,127
-50.562531,-28.031293,7,40,0,26
-48.284808,-1.326738,7,40,1,180
-51.444911,-29.669921,7,40,1,267
-47.308727,-0.682771,7,40,1,157
-54.483039,-27.892032,7,40,0,139
-47.308684,-0.682750,7,40,1,337
-49.550336,-28.393219,7,40,0,155
-46.057957,-23.794999,7,40,1,1
-49.724915,-25.470350,7,40,1,332
-46.823526,-17.241286,7,40,1,276
-54.378759,-15.577385,7,40,1,86
-48.181831,-18.693305,7,40,1,215
-45.865280,-23.757874,7,40,0,83
-47.669628,-16.713374,7,40,0,113
-49.358100,-16.619387,7,40,1,143
-42.131945,-19.764068,7,40,1,166
-40.267562,-14.668781,7,40,1,298
-49.386701,-16.655524,7,40,1,102
-40.593778,-11.138842,7,40,1,120
-44.917573,-20.160896,7,40,1,78
-39.039949,-13.323262,7,40,0,48
-51.384080,-27.107335,7,40,0,81
-50.232110,-24.232022,7,40,0,163
-43.710287,-22.634131,7,40,1,17
-49.832237,-23.672216,7,40,1,289
-45.456468,-23.818640,7,40,1,115
-49.844282,-24.118917,7,40,1,119
-43.842331,-20.476760,7,40,0,157
-49.948004,-24.593722,7,40,1,22
-37.793471,-4.563544,7,40,1,340
-51.376203,-22.670781,7,40,1,319
-56.453197,-30.391069,7,40,1,59
-51.464355,-23.147935,7,40,1,2
-43.861707,-20.191942,7,40,1,62
-53.046546,-24.184682,7,40,1,166
-38.413409,-3.896725,7,40,1,87
-43.032969,-19.072975,7,40,1,192
-52.322056,-23.882869,7,40,1,22
-50.167424,-27.589661,7,40,0,21
-45.957456,-20.484900,7,40,0,11
-43.287602,-22.143515,7,40,1,265
-48.310508,-23.959506,7,40,1,213
-48.859658,-23.973460,7,40,1,294
-49.327831,-24.096869,7,40,1,88
-42.758445,-5.199451,7,40,1,163
-57.062076,-29.759795,7,40,1,95
-48.198143,-15.613594,7,40,1,6
-49.029423,-25.555571,7,40,1,297
-37.234817,-10.958120,7,40,1,88
-38.503477,-4.421309,7,40,1,196
-39.035673,-5.001978,7,40,1,35
-40.279608,-12.519913,7,40,2,115
-42.952958,-22.012952,7,40,1,49
-52.085539,-29.522070,7,50,1,34
-51.352286,-29.477030,7,50,1,353
-44.385972,-15.510045,7,50,1,46
-51.520715,-29.176812,7,50,1,121
-45.428238,-23.605714,7,50,1,156
-49.564435,-29.005388,7,50,1,236
-35.370367,-5.867637,7,50,1,262
-48.712287,-28.077023,7,50,1,166
-57.728138,-16.029800,7,50,1,327
-51.351479,-29.477356,7,50,1,47
-51.520680,-29.176754,7,50,1,293
-46.179310,-23.580544,7,50,1,343
-57.728176,-16.029807,7,50,1,147
-51.351731,-29.476647,7,50,1,290
-36.115531,-9.807226,7,50,0,31
-38.443654,-12.882958,7,50,0,11
-49.564371,-29.005490,7,50,1,56
-52.085614,-29.522051,7,50,1,214
-42.110756,-22.828766,7,50,1,304
-42.206319,-22.842242,7,50,1,298
-36.091181,-7.155537,7,50,1,291
-34.947490,-7.333980,7,50,1,182
-49.053239,-28.543733,7,50,1,3
-42.316182,-22.865321,7,50,1,98
-46.179388,-23.580556,7,50,1,159
-42.315989,-22.865034,7,50,1,278
-49.053337,-28.543713,7,50,1,183
-44.386001,-15.510030,7,50,1,226
-42.316398,-22.865803,7,50,1,92
-42.110804,-22.828842,7,50,1,120
-35.370362,-5.867671,7,50,1,82
-51.352448,-29.477024,7,50,1,176
-36.091240,-7.155585,7,50,1,111
-48.712178,-28.077022,7,50,1,346
-34.947399,-7.333977,7,50,1,2
-42.206316,-22.842266,7,50,1,118
-43.823402,-22.563520,7,50,0,6
-51.701771,-28.731164,7,50,2,163
-44.858956,-22.559799,7,60,1,60
-63.171933,-9.220303,7,60,1,346
-47.985595,-19.703981,7,60,1,160
-51.035288,-29.652733,7,60,1,256
-48.510336,-27.498129,7,60,1,228
-47.158277,-23.066660,7,60,1,44
-47.178017,-24.030188,7,60,1,55
-40.459508,-20.382864,7,60,1,237
-40.327299,-20.410434,7,60,1,189
-63.171976,-9.220313,7,60,1,166
-46.755907,-22.692481,7,60,1,181
-48.943904,-25.307168,7,60,1,133
-46.784426,-24.176936,7,60,1,60
-35.481010,-8.573437,7,60,1,51
-45.232973,-22.858331,7,60,1,40
-48.788321,-1.781176,7,60,0,167
-49.140228,-25.526951,7,60,1,39
-44.737909,-20.669412,7,60,1,16
-47.858361,-23.038060,7,60,1,276
-47.985501,-19.703941,7,60,1,340
-46.862424,-23.689859,7,60,1,24
-35.481291,-8.573107,7,60,1,231
-35.128583,-8.114204,7,60,1,101
-49.066746,-18.867430,7,60,1,314
-45.279359,-23.566118,7,60,1,262
-48.007341,-1.306085,7,60,1,92
-47.858388,-23.038112,7,60,1,95
-47.988684,-15.982472,7,60,1,158
-51.035274,-29.652835,7,60,1,76
-39.290164,-12.989179,7,60,0,149
-35.971856,-8.210683,7,60,1,20
-40.397821,-20.548914,7,60,1,35
-38.663071,-3.766422,7,60,1,63
-43.024077,-22.854843,7,60,1,220
-45.117337,-23.407099,7,60,0,151
-43.759217,-22.858985,7,60,1,311
-51.293978,-29.210358,7,60,1,100
-54.923150,-30.242556,7,60,1,92
-35.898452,-7.374298,7,60,1,164
-40.397938,-20.548844,7,60,1,217
-43.978952,-20.082127,7,60,1,146
-38.506920,-3.918624,7,60,1,7
-45.009537,-22.601225,7,60,1,219
-48.722278,-26.610277,7,60,1,157
-46.510617,-24.033559,7,60,1,235
-47.158399,-23.066565,7,60,1,224
-35.898398,-7.374272,7,60,1,344
-42.745430,-19.596691,7,60,0,56
-44.390781,-20.208921,7,60,1,203
-45.095366,-21.120237,7,60,1,24
-44.279244,-22.470176,7,60,1,316
-49.067359,-18.867950,7,60,1,136
-47.814156,-24.457267,7,60,1,33
-43.978803,-20.082042,7,60,1,325
-43.113916,-22.879443,7,60,1,153
-49.771123,-29.301095,7,60,1,210
-52.618098,-25.816240,7,60,0,62
-44.208818,-19.996796,7,60,1,29
-38.404744,-12.793215,7,60,1,353
-44.279308,-22.470248,7,60,1,136
-48.208837,-19.007808,7,60,1,172
-34.935790,-7.762165,7,60,1,177
-43.114099,-22.879482,7,60,1,152
-45.602375,-22.863664,7,60,0,99
-40.386322,-20.048977,7,60,0,151
-47.814309,-24.457167,7,60,1,213
-46.584769,-23.190776,7,60,1,198
-48.926575,-25.280230,7,60,1,34
-48.208689,-19.007787,7,60,1,352
-48.869269,-22.954284,7,60,1,290
-43.114598,-22.878396,7,60,1,314
-57.009884,-29.799186,7,60,1,334
-59.946015,-3.130572,7,60,1,123
-47.178133,-24.030032,7,60,1,235
-49.314622,-23.244689,7,60,1,318
-43.841306,-22.666786,7,60,1,38
-42.929590,-22.377975,7,60,0,103
-47.988300,-15.982319,7,60,1,345
-38.507435,-3.918591,7,60,1,186
-50.342280,-20.270027,7,60,1,270
-59.945967,-3.130471,7,60,1,303
-46.862619,-23.689818,7,60,1,204
-49.851541,-22.931008,7,60,1,82
-51.144886,-29.150076,7,60,1,237
-46.210086,-22.768296,7,60,1,273
-50.247899,-29.857077,7,60,1,196
-43.903311,-20.000778,7,60,1,147
-48.911798,-26.190313,7,60,1,4
-48.977579,-25.852943,7,60,1,81
-46.210124,-22.768975,7,60,1,95
-46.432129,-22.917259,7,60,1,244
-51.150049,-29.736526,7,60,1,185
-48.977606,-25.852801,7,60,1,261
-52.098843,-21.809000,7,60,1,118
-45.009496,-22.601257,7,60,1,39
-48.271939,-24.928571,7,60,1,241
-51.149824,-29.736528,7,60,1,6
-45.960190,-22.397217,7,60,1,216
-54.923149,-30.242476,7,60,1,272
-51.711948,-29.691250,7,60,1,94
-48.007019,-1.305930,7,60,1,272
-49.536895,-22.810245,7,60,1,42
-46.493539,-23.869206,7,60,1,152
-39.286987,-4.333268,7,60,1,40
-45.959618,-22.397573,7,60,1,36
-46.432052,-22.917410,7,60,1,63
-48.722185,-26.610241,7,60,1,337
-57.009902,-29.799194,7,60,1,154
-51.376823,-22.173212,7,60,1,293
-51.293938,-29.210192,7,60,1,280
-48.271819,-24.928760,7,60,1,61
-50.783748,-23.449070,7,60,1,169
-51.711794,-29.690127,7,60,1,285
-47.439141,-22.018020,7,60,1,162
-49.971836,-20.409284,7,60,1,120
-50.783581,-23.449060,7,60,1,356
-39.287100,-4.333191,7,60,1,220
-43.759324,-22.859019,7,60,1,128
-49.771029,-29.301147,7,60,1,23
-48.943852,-25.307130,7,60,1,313
-43.675924,-22.894048,7,60,1,71
-51.814666,-21.903277,7,60,1,110
-51.144812,-29.150170,7,60,1,57
-46.276853,-23.906215,7,60,1,193
-47.460571,-22.995034,7,60,0,137
-45.095987,-21.120009,7,60,1,205
-40.078061,-7.878270,7,60,0,124
-40.327192,-20.410460,7,60,1,9
-51.814637,-21.903190,7,60,1,290
-52.098755,-21.808924,7,60,1,300
-44.738300,-20.669214,7,60,1,194
-46.584586,-23.190781,7,60,1,21
-46.276788,-23.906242,7,60,1,13
-43.841397,-22.666739,7,60,1,218
-50.273806,-29.902843,7,60,1,320
-48.510169,-27.498291,7,60,1,48
-50.273961,-29.902926,7,60,1,145
-51.376888,-22.173362,7,60,1,113
-46.601129,-23.738546,7,60,1,151
-43.023972,-22.854902,7,60,1,40
-47.419492,-20.564392,7,60,1,225
-48.911895,-26.190300,7,60,1,184
-46.510555,-24.033645,7,60,1,55
-48.907914,-22.511983,7,60,1,116
-50.413129,-22.637936,7,60,1,274
-48.926700,-25.280173,7,60,1,214
-43.714969,-22.716671,7,60,1,97
-52.893423,-22.517581,7,60,0,76
-46.791127,-23.586883,7,60,1,238
-34.935296,-7.762107,7,60,1,358
-38.404859,-12.793239,7,60,1,172
-42.192491,-4.848453,7,60,1,50
-45.233043,-22.858292,7,60,1,220
-44.209395,-19.996483,7,60,1,209
-44.858988,-22.559719,7,60,1,240
-44.390198,-20.209246,7,60,1,33
-49.851557,-22.930924,7,60,1,260
-46.470411,-21.808352,7,60,1,28
-38.663095,-3.766320,7,60,1,243
-46.755875,-22.692496,7,60,1,2
-43.903199,-20.000728,7,60,1,323
-49.537002,-22.810185,7,60,1,222
-35.128556,-8.114071,7,60,1,279
-48.869376,-22.954634,7,60,1,110
-43.676077,-22.893695,7,60,1,251
-40.459457,-20.382946,7,60,1,59
-49.140346,-25.526860,7,60,1,219
-50.982679,-22.450404,7,60,1,122
-42.684165,-5.056754,7,60,1,257
-50.982616,-22.450269,7,60,1,302
-42.192579,-4.848338,7,60,1,230
-45.279354,-23.566157,7,60,1,82
-44.291719,-19.474231,7,70,1,317
-47.896090,-22.577761,7,70,1,331
-46.597785,-23.627384,7,70,1,331
-47.896136,-22.577784,7,70,1,151
-43.222850,-22.528585,7,70,1,294
-44.292108,-19.474581,7,70,1,132
-46.435491,-23.922063,7,70,1,324
-46.124987,-23.236933,7,80,1,146
-49.404553,-20.855050,7,80,1,215
-48.481650,-22.873130,7,80,1,153
-45.935018,-23.250011,7,80,1,55
-46.435757,-23.922149,7,80,1,144
-46.945489,-23.605136,7,80,1,60
-50.419163,-21.255230,7,80,1,313
-48.066372,-23.612013,7,80,1,65
-49.045274,-22.347498,7,80,1,345
-49.404472,-20.855098,7,80,1,35
-45.734883,-23.319606,7,80,1,238
-46.124832,-23.236857,7,80,1,326
-48.662293,-27.695204,7,80,1,341
-49.045522,-22.347038,7,80,1,165
-45.935078,-23.249912,7,80,1,235
-48.641283,-27.470475,7,80,1,354
-48.066426,-23.611911,7,80,1,245
-46.141313,-23.334261,7,80,1,241
-46.311101,-23.401696,7,80,1,79
-46.163522,-17.755578,7,80,1,294
-48.662502,-27.695253,7,80,1,161
-48.907819,-22.511826,7,80,1,295
-45.349352,-21.690467,7,80,1,42
-45.291360,-22.891750,7,80,1,234
-46.557850,-23.911835,7,80,1,163
-45.697594,-23.106565,7,80,1,56
-49.670353,-26.006284,7,80,0,14
-45.734822,-23.319679,7,80,1,58
-45.697666,-23.106498,7,80,1,233
-49.787587,-21.629124,7,80,1,184
-49.049545,-5.368959,7,80,1,104
-46.945548,-23.605050,7,80,1,240
-43.345119,-22.804685,7,80,1,301
-46.163525,-17.755620,7,80,1,114
-50.419320,-21.255337,7,80,1,133
-46.290205,-23.913854,7,80,1,330
-49.936884,-21.220800,7,80,1,32
-54.881982,-20.433065,7,80,1,281
-45.291300,-22.891821,7,80,1,54
-46.565630,-23.099860,7,80,1,267
-48.641413,-27.470478,7,80,1,174
-49.936932,-21.220772,7,80,1,212
-43.345333,-22.804964,7,80,1,121
-50.446416,-29.884876,7,80,1,249
-52.160022,-32.092303,7,80,1,22
-49.049545,-5.368920,7,80,1,284
-50.446343,-29.885072,7,80,1,63
-48.481489,-22.873078,7,80,1,331
-47.479244,-20.237528,7,80,1,11
-49.787549,-21.629127,7,80,1,4
-54.881998,-20.433123,7,80,1,101
-45.349911,-21.690073,7,80,1,222
-47.479309,-20.237530,7,80,1,189
-46.469422,-14.451376,7,80,0,40
-46.290291,-23.913881,7,80,1,150
-46.791074,-23.586976,7,90,1,57
-37.587028,-11.754219,7,90,1,194
-47.032543,-22.797779,7,90,1,184
-47.568078,-22.438606,7,90,1,150
-46.763941,-23.585311,7,90,1,278
-43.285472,-22.629197,7,90,1,344
-48.194431,-21.806814,7,90,1,308
-46.598155,-23.627501,7,90,1,150
-46.763964,-23.585425,7,90,1,98
-47.873737,-21.998541,7,90,1,131
-48.331100,-21.293363,7,90,1,339
-37.269203,-11.264922,7,90,1,75
-46.398065,-23.423592,7,90,1,70
-48.331239,-21.293400,7,90,1,159
-47.567823,-22.438574,7,90,1,330
-37.268859,-11.264464,7,90,1,285
-46.398108,-23.423496,7,90,1,250
-48.194565,-21.806990,7,90,1,128
-49.422256,-20.822258,7,90,1,281
-43.285714,-22.629201,7,90,1,164
-47.873586,-21.998387,7,90,1,311
-47.759639,-21.229520,7,90,1,182
-34.994651,-8.448849,7,90,1,342
-46.597878,-23.627427,7,90,1,151
-34.994544,-8.448695,7,90,1,306
-49.422356,-20.822486,7,90,1,102
-37.586974,-11.754211,7,90,1,12
-46.561555,-23.714061,7,90,1,179
-52.840054,-25.422930,7,90,1,88
-47.032307,-22.797811,7,90,1,4
-49.742673,-25.758971,7,90,1,122
-52.840056,-25.422896,7,90,1,268
-47.759422,-21.229517,7,90,1,2
-49.742653,-25.758942,7,90,1,302
-34.994689,-8.448860,7,90,1,162
-37.269798,-11.264759,7,90,1,227
-46.557501,-23.911776,7,100,1,343
-47.394319,-22.517190,7,100,1,163
-43.024793,-22.793150,7,100,1,78
-47.285365,-22.734182,7,100,1,297
-46.773214,-23.441601,7,100,1,240
-43.345199,-22.804788,7,100,1,301
-47.285470,-22.734340,7,100,1,117
-43.024829,-22.792997,7,100,1,258
-46.773081,-23.441841,7,100,1,60
-47.724646,-23.076732,7,100,1,328
-46.847524,-23.353268,7,100,1,195
-47.131716,-23.258374,7,100,1,301
-47.394105,-22.517123,7,100,1,343
-43.345255,-22.804872,7,100,1,121
-46.613721,-23.776378,7,100,1,61
-48.595735,-27.065968,7,100,1,355
-46.613646,-23.775771,7,100,1,240
-47.724738,-23.076771,7,100,1,147
-50.899703,-20.620330,7,100,1,80
-47.142719,-22.715634,7,100,1,355
-47.142859,-22.715636,7,100,1,175
-47.329003,-21.275465,7,100,0,62
-46.847412,-23.353293,7,100,1,13
-48.595832,-27.065965,7,100,1,175
-50.899730,-20.620286,7,100,1,260
-46.865851,-23.504634,7,100,1,270
-47.131805,-23.258467,7,100,1,121
-46.982228,-22.462845,7,110,1,177
-50.863689,-21.212984,7,110,1,290
-48.550506,-20.652600,7,110,1,160
-50.572694,-20.254493,7,110,1,284
-47.330357,-23.311856,7,110,1,166
-48.583367,-22.303153,7,110,1,86
-47.602080,-21.684373,7,110,1,161
-46.981986,-22.462843,7,110,1,357
-48.448400,-20.945009,7,110,1,343
-51.301699,-20.935864,7,110,1,127
-46.141255,-23.334367,7,110,1,61
-47.550396,-23.510223,7,110,1,109
-47.550327,-23.510150,7,110,1,289
-50.863762,-21.213152,7,110,1,107
-48.136097,-22.268898,7,110,1,100
-47.599902,-22.722419,7,110,1,96
-48.448621,-20.945041,7,110,1,163
-48.997613,-21.151290,7,110,1,309
-47.703516,-22.261009,7,110,1,184
-47.002311,-22.114308,7,110,1,176
-47.784886,-20.006936,7,110,1,352
-51.301580,-20.935720,7,110,1,304
-47.002121,-22.114298,7,110,1,356
-43.948858,-19.776762,7,110,1,182
-49.432503,-21.998723,7,110,1,319
-49.762980,-21.685476,7,110,1,130
-43.948595,-19.776759,7,110,1,356
-47.785136,-20.006933,7,110,1,172
-49.762882,-21.685393,7,110,1,310
-49.265402,-20.938836,7,110,1,141
-50.342287,-20.270210,7,110,1,90
-47.330156,-23.311835,7,110,1,344
-50.084598,-21.475070,7,110,1,297
-47.599894,-22.722238,7,110,1,276
-48.583380,-22.303014,7,110,1,266
-47.922033,-21.167063,7,110,1,99
-49.265229,-20.938696,7,110,1,320
-47.601721,-21.684296,7,110,1,341
-50.084709,-21.475226,7,110,1,120
-48.550294,-20.652565,7,110,1,340
-47.703403,-22.261019,7,110,1,4
-46.311010,-23.401534,7,110,1,259
-49.432669,-21.998824,7,110,1,139
-48.997757,-21.151458,7,110,1,129
-48.136065,-22.268781,7,110,1,280
-47.921952,-21.166841,7,110,1,280
-50.572768,-20.254661,7,110,1,104
-47.293171,-23.407076,7,120,1,279
-47.293204,-23.407465,7,120,1,99
-46.135641,-23.370122,7,120,1,46
-48.440770,-23.138574,7,120,1,103
-45.835142,-23.274171,7,120,1,55
-46.600831,-23.738413,7,120,1,331
-47.046691,-23.458511,7,120,1,296
-46.750801,-23.465601,7,120,1,338
-46.751179,-23.465687,7,120,1,158
-47.090200,-23.010900,7,120,1,128
-47.089961,-23.010606,7,120,1,308
-47.388297,-22.812021,7,120,1,316
-47.388491,-22.812162,7,120,1,136
-45.835254,-23.274024,7,120,1,235
-46.135796,-23.369994,7,120,1,227
-47.046785,-23.458677,7,120,1,116
-47.804313,-23.282918,7,120,1,274
-48.440677,-23.138201,7,120,1,283
